host_id,name,state,city,languages,skills,interests,role,price_per_hour,rating,experience_count,availability,verified,is_demo_data
1,Demo Host 001,Telangana,Hyderabad,English | Hindi,Guide,Culture | Adventure,Guide,300,4.6,194,Weekends,True,True
2,Demo Host 002,Telangana,Warangal,English | Hindi,Local Companion,Photography | Spiritual,Local Companion,500,4.8,215,Weekdays & Weekends,True,True
3,Demo Host 003,Andhra Pradesh,Visakhapatnam,English | Tamil,Food Expert,Shopping | Food,Food Expert,400,5.0,28,Weekends,True,True
4,Demo Host 004,Andhra Pradesh,Vijayawada,English | Hindi,Photographer,Heritage | Nature,Photographer,800,4.8,191,Weekdays & Weekends,True,True
5,Demo Host 005,Andhra Pradesh,Tirupati,English | Hindi,Heritage Expert,Culture | Adventure,Heritage Expert,600,4.6,36,Weekends,True,True
6,Demo Host 006,Karnataka,Bengaluru,English | Marathi,Shopping Companion,Photography | Spiritual,Shopping Companion,600,4.9,95,Weekdays & Weekends,True,True
7,Demo Host 007,Karnataka,Mysuru,English | Hindi,Nature Guide,Shopping | Food,Nature Guide,800,4.9,162,Weekends,True,True
8,Demo Host 008,Karnataka,Hampi,English | Hindi,Guide,Heritage | Nature,Guide,600,4.4,113,Weekdays & Weekends,True,True
9,Demo Host 009,Karnataka,Mangaluru,English | Hindi,Local Companion,Culture | Adventure,Local Companion,300,4.3,140,Weekends,True,True
10,Demo Host 010,Tamil Nadu,Chennai,English | Hindi,Food Expert,Photography | Spiritual,Food Expert,1000,4.7,207,Weekdays & Weekends,True,True
11,Demo Host 011,Tamil Nadu,Coimbatore,English | Hindi,Photographer,Shopping | Food,Photographer,300,4.5,190,Weekends,True,True
12,Demo Host 012,Tamil Nadu,Madurai,English | Kannada,Heritage Expert,Heritage | Nature,Heritage Expert,300,4.9,242,Weekdays & Weekends,True,True
13,Demo Host 013,Tamil Nadu,Ooty,English | Hindi,Shopping Companion,Culture | Adventure,Shopping Companion,800,4.4,195,Weekends,True,True
14,Demo Host 014,Kerala,Kochi,English | Hindi,Nature Guide,Photography | Spiritual,Nature Guide,500,4.2,119,Weekdays & Weekends,True,True
15,Demo Host 015,Kerala,Munnar,English | Bengali,Guide,Shopping | Food,Guide,600,4.7,42,Weekends,True,True
16,Demo Host 016,Kerala,Thiruvananthapuram,English | Hindi,Local Companion,Heritage | Nature,Local Companion,1000,5.0,187,Weekdays & Weekends,True,True
17,Demo Host 017,Kerala,Alappuzha,English | Hindi,Food Expert,Culture | Adventure,Food Expert,500,4.5,84,Weekends,True,True
18,Demo Host 018,Maharashtra,Mumbai,English | Telugu,Photographer,Photography | Spiritual,Photographer,300,4.4,120,Weekdays & Weekends,True,True
19,Demo Host 019,Maharashtra,Pune,English | Hindi,Heritage Expert,Shopping | Food,Heritage Expert,500,4.6,36,Weekends,True,True
20,Demo Host 020,Maharashtra,Nashik,English | Hindi,Shopping Companion,Heritage | Nature,Shopping Companion,400,4.7,60,Weekdays & Weekends,True,True
21,Demo Host 021,Rajasthan,Jaipur,English | Malayalam,Nature Guide,Culture | Adventure,Nature Guide,1000,4.9,112,Weekends,True,True
22,Demo Host 022,Rajasthan,Udaipur,English | Hindi,Guide,Photography | Spiritual,Guide,600,4.4,176,Weekdays & Weekends,True,True
23,Demo Host 023,Rajasthan,Jodhpur,English | Hindi,Local Companion,Shopping | Food,Local Companion,800,4.8,208,Weekends,True,True
24,Demo Host 024,Delhi,New Delhi,English | English,Food Expert,Heritage | Nature,Food Expert,1000,4.4,99,Weekdays & Weekends,True,True
25,Demo Host 025,Uttar Pradesh,Agra,English | Hindi,Photographer,Culture | Adventure,Photographer,400,4.3,172,Weekends,True,True
26,Demo Host 026,Uttar Pradesh,Varanasi,English | Hindi,Heritage Expert,Photography | Spiritual,Heritage Expert,800,4.2,53,Weekdays & Weekends,True,True
27,Demo Host 027,Goa,Panaji,English | Tamil,Shopping Companion,Shopping | Food,Shopping Companion,800,4.7,197,Weekends,True,True
28,Demo Host 028,Goa,North Goa,English | Hindi,Nature Guide,Heritage | Nature,Nature Guide,500,4.8,177,Weekdays & Weekends,True,True
29,Demo Host 029,West Bengal,Kolkata,English | Hindi,Guide,Culture | Adventure,Guide,600,4.7,117,Weekends,True,True
30,Demo Host 030,Assam,Guwahati,English | Marathi,Local Companion,Photography | Spiritual,Local Companion,300,4.3,39,Weekdays & Weekends,True,True
31,Demo Host 031,Himachal Pradesh,Manali,English | Hindi,Food Expert,Shopping | Food,Food Expert,500,4.6,168,Weekends,True,True
32,Demo Host 032,Himachal Pradesh,Shimla,English | Hindi,Photographer,Heritage | Nature,Photographer,1000,4.8,143,Weekdays & Weekends,True,True
33,Demo Host 033,Uttarakhand,Rishikesh,English | Hindi,Heritage Expert,Culture | Adventure,Heritage Expert,600,4.6,160,Weekends,True,True
34,Demo Host 034,Uttarakhand,Dehradun,English | Hindi,Shopping Companion,Photography | Spiritual,Shopping Companion,300,4.4,142,Weekdays & Weekends,True,True
35,Demo Host 035,Jammu and Kashmir,Srinagar,English | Hindi,Nature Guide,Shopping | Food,Nature Guide,600,4.5,12,Weekends,True,True
36,Demo Host 036,Ladakh,Leh,English | Kannada,Guide,Heritage | Nature,Guide,1000,4.5,57,Weekdays & Weekends,True,True
37,Demo Host 037,Odisha,Bhubaneswar,English | Hindi,Local Companion,Culture | Adventure,Local Companion,1000,4.4,214,Weekends,True,True
38,Demo Host 038,Odisha,Puri,English | Hindi,Food Expert,Photography | Spiritual,Food Expert,800,4.4,19,Weekdays & Weekends,True,True
39,Demo Host 039,Punjab,Amritsar,English | Bengali,Photographer,Shopping | Food,Photographer,1000,4.7,76,Weekends,True,True
40,Demo Host 040,Gujarat,Ahmedabad,English | Hindi,Heritage Expert,Heritage | Nature,Heritage Expert,300,4.8,141,Weekdays & Weekends,True,True
41,Demo Host 041,Telangana,Hyderabad,English | Hindi,Shopping Companion,Culture | Adventure,Shopping Companion,1000,4.5,167,Weekends,True,True
42,Demo Host 042,Telangana,Warangal,English | Telugu,Nature Guide,Photography | Spiritual,Nature Guide,500,4.3,204,Weekdays & Weekends,True,True
43,Demo Host 043,Andhra Pradesh,Visakhapatnam,English | Hindi,Guide,Shopping | Food,Guide,500,4.3,10,Weekends,True,True
44,Demo Host 044,Andhra Pradesh,Vijayawada,English | Hindi,Local Companion,Heritage | Nature,Local Companion,800,4.6,181,Weekdays & Weekends,True,True
45,Demo Host 045,Andhra Pradesh,Tirupati,English | Malayalam,Food Expert,Culture | Adventure,Food Expert,800,4.6,44,Weekends,True,True
46,Demo Host 046,Karnataka,Bengaluru,English | Hindi,Photographer,Photography | Spiritual,Photographer,1000,4.8,42,Weekdays & Weekends,True,True
47,Demo Host 047,Karnataka,Mysuru,English | Hindi,Heritage Expert,Shopping | Food,Heritage Expert,500,4.5,114,Weekends,True,True
48,Demo Host 048,Karnataka,Hampi,English | English,Shopping Companion,Heritage | Nature,Shopping Companion,400,4.7,78,Weekdays & Weekends,True,True
49,Demo Host 049,Karnataka,Mangaluru,English | Hindi,Nature Guide,Culture | Adventure,Nature Guide,600,4.3,93,Weekends,True,True
50,Demo Host 050,Tamil Nadu,Chennai,English | Hindi,Guide,Photography | Spiritual,Guide,500,5.0,33,Weekdays & Weekends,True,True
51,Demo Host 051,Tamil Nadu,Coimbatore,English | Tamil,Local Companion,Shopping | Food,Local Companion,500,4.8,227,Weekends,True,True
52,Demo Host 052,Tamil Nadu,Madurai,English | Hindi,Food Expert,Heritage | Nature,Food Expert,500,5.0,70,Weekdays & Weekends,True,True
53,Demo Host 053,Tamil Nadu,Ooty,English | Hindi,Photographer,Culture | Adventure,Photographer,400,4.8,195,Weekends,True,True
54,Demo Host 054,Kerala,Kochi,English | Marathi,Heritage Expert,Photography | Spiritual,Heritage Expert,800,4.4,115,Weekdays & Weekends,True,True
55,Demo Host 055,Kerala,Munnar,English | Hindi,Shopping Companion,Shopping | Food,Shopping Companion,300,4.9,28,Weekends,True,True
56,Demo Host 056,Kerala,Thiruvananthapuram,English | Hindi,Nature Guide,Heritage | Nature,Nature Guide,300,4.4,116,Weekdays & Weekends,True,True
57,Demo Host 057,Kerala,Alappuzha,English | Hindi,Guide,Culture | Adventure,Guide,800,4.7,79,Weekends,True,True
58,Demo Host 058,Maharashtra,Mumbai,English | Hindi,Local Companion,Photography | Spiritual,Local Companion,600,4.9,48,Weekdays & Weekends,True,True
59,Demo Host 059,Maharashtra,Pune,English | Hindi,Food Expert,Shopping | Food,Food Expert,300,4.8,190,Weekends,True,True
60,Demo Host 060,Maharashtra,Nashik,English | Kannada,Photographer,Heritage | Nature,Photographer,600,4.7,110,Weekdays & Weekends,True,True
61,Demo Host 061,Rajasthan,Jaipur,English | Hindi,Heritage Expert,Culture | Adventure,Heritage Expert,300,4.7,148,Weekends,True,True
62,Demo Host 062,Rajasthan,Udaipur,English | Hindi,Shopping Companion,Photography | Spiritual,Shopping Companion,600,4.5,25,Weekdays & Weekends,True,True
63,Demo Host 063,Rajasthan,Jodhpur,English | Bengali,Nature Guide,Shopping | Food,Nature Guide,800,4.6,15,Weekends,True,True
64,Demo Host 064,Delhi,New Delhi,English | Hindi,Guide,Heritage | Nature,Guide,400,4.3,85,Weekdays & Weekends,True,True
65,Demo Host 065,Uttar Pradesh,Agra,English | Hindi,Local Companion,Culture | Adventure,Local Companion,800,4.7,30,Weekends,True,True
66,Demo Host 066,Uttar Pradesh,Varanasi,English | Telugu,Food Expert,Photography | Spiritual,Food Expert,800,4.9,46,Weekdays & Weekends,True,True
67,Demo Host 067,Goa,Panaji,English | Hindi,Photographer,Shopping | Food,Photographer,1000,4.5,147,Weekends,True,True
68,Demo Host 068,Goa,North Goa,English | Hindi,Heritage Expert,Heritage | Nature,Heritage Expert,600,4.2,149,Weekdays & Weekends,True,True
69,Demo Host 069,West Bengal,Kolkata,English | Malayalam,Shopping Companion,Culture | Adventure,Shopping Companion,300,4.6,239,Weekends,True,True
70,Demo Host 070,Assam,Guwahati,English | Hindi,Nature Guide,Photography | Spiritual,Nature Guide,500,4.3,196,Weekdays & Weekends,True,True
71,Demo Host 071,Himachal Pradesh,Manali,English | Hindi,Guide,Shopping | Food,Guide,400,4.6,124,Weekends,True,True
72,Demo Host 072,Himachal Pradesh,Shimla,English | English,Local Companion,Heritage | Nature,Local Companion,500,4.7,234,Weekdays & Weekends,True,True
73,Demo Host 073,Uttarakhand,Rishikesh,English | Hindi,Food Expert,Culture | Adventure,Food Expert,600,4.4,121,Weekends,True,True
74,Demo Host 074,Uttarakhand,Dehradun,English | Hindi,Photographer,Photography | Spiritual,Photographer,1000,4.6,86,Weekdays & Weekends,True,True
75,Demo Host 075,Jammu and Kashmir,Srinagar,English | Tamil,Heritage Expert,Shopping | Food,Heritage Expert,1000,4.2,112,Weekends,True,True
76,Demo Host 076,Ladakh,Leh,English | Hindi,Shopping Companion,Heritage | Nature,Shopping Companion,500,4.9,207,Weekdays & Weekends,True,True
77,Demo Host 077,Odisha,Bhubaneswar,English | Hindi,Nature Guide,Culture | Adventure,Nature Guide,600,4.6,39,Weekends,True,True
78,Demo Host 078,Odisha,Puri,English | Marathi,Guide,Photography | Spiritual,Guide,400,4.7,31,Weekdays & Weekends,True,True
79,Demo Host 079,Punjab,Amritsar,English | Hindi,Local Companion,Shopping | Food,Local Companion,300,4.7,73,Weekends,True,True
80,Demo Host 080,Gujarat,Ahmedabad,English | Hindi,Food Expert,Heritage | Nature,Food Expert,800,4.8,183,Weekdays & Weekends,True,True
81,Demo Host 081,Telangana,Hyderabad,English | Hindi,Photographer,Culture | Adventure,Photographer,400,4.9,31,Weekends,True,True
82,Demo Host 082,Telangana,Warangal,English | Hindi,Heritage Expert,Photography | Spiritual,Heritage Expert,1000,4.2,61,Weekdays & Weekends,True,True
83,Demo Host 083,Andhra Pradesh,Visakhapatnam,English | Hindi,Shopping Companion,Shopping | Food,Shopping Companion,300,4.5,140,Weekends,True,True
84,Demo Host 084,Andhra Pradesh,Vijayawada,English | Kannada,Nature Guide,Heritage | Nature,Nature Guide,400,4.8,208,Weekdays & Weekends,True,True
85,Demo Host 085,Andhra Pradesh,Tirupati,English | Hindi,Guide,Culture | Adventure,Guide,1000,5.0,82,Weekends,True,True
86,Demo Host 086,Karnataka,Bengaluru,English | Hindi,Local Companion,Photography | Spiritual,Local Companion,600,4.6,76,Weekdays & Weekends,True,True
87,Demo Host 087,Karnataka,Mysuru,English | Bengali,Food Expert,Shopping | Food,Food Expert,1000,4.9,67,Weekends,True,True
88,Demo Host 088,Karnataka,Hampi,English | Hindi,Photographer,Heritage | Nature,Photographer,400,4.2,45,Weekdays & Weekends,True,True
89,Demo Host 089,Karnataka,Mangaluru,English | Hindi,Heritage Expert,Culture | Adventure,Heritage Expert,400,5.0,111,Weekends,True,True
90,Demo Host 090,Tamil Nadu,Chennai,English | Telugu,Shopping Companion,Photography | Spiritual,Shopping Companion,300,4.8,223,Weekdays & Weekends,True,True
91,Demo Host 091,Tamil Nadu,Coimbatore,English | Hindi,Nature Guide,Shopping | Food,Nature Guide,1000,4.9,223,Weekends,True,True
92,Demo Host 092,Tamil Nadu,Madurai,English | Hindi,Guide,Heritage | Nature,Guide,300,4.5,132,Weekdays & Weekends,True,True
93,Demo Host 093,Tamil Nadu,Ooty,English | Malayalam,Local Companion,Culture | Adventure,Local Companion,300,4.7,194,Weekends,True,True
94,Demo Host 094,Kerala,Kochi,English | Hindi,Food Expert,Photography | Spiritual,Food Expert,500,4.3,96,Weekdays & Weekends,True,True
95,Demo Host 095,Kerala,Munnar,English | Hindi,Photographer,Shopping | Food,Photographer,800,4.4,187,Weekends,True,True
96,Demo Host 096,Kerala,Thiruvananthapuram,English | English,Heritage Expert,Heritage | Nature,Heritage Expert,300,4.4,234,Weekdays & Weekends,True,True
97,Demo Host 097,Kerala,Alappuzha,English | Hindi,Shopping Companion,Culture | Adventure,Shopping Companion,300,4.9,35,Weekends,True,True
98,Demo Host 098,Maharashtra,Mumbai,English | Hindi,Nature Guide,Photography | Spiritual,Nature Guide,1000,4.3,42,Weekdays & Weekends,True,True
99,Demo Host 099,Maharashtra,Pune,English | Tamil,Guide,Shopping | Food,Guide,500,4.9,151,Weekends,True,True
100,Demo Host 100,Maharashtra,Nashik,English | Hindi,Local Companion,Heritage | Nature,Local Companion,300,4.4,53,Weekdays & Weekends,True,True
101,Demo Host 101,Rajasthan,Jaipur,English | Hindi,Food Expert,Culture | Adventure,Food Expert,1000,5.0,195,Weekends,True,True
102,Demo Host 102,Rajasthan,Udaipur,English | Marathi,Photographer,Photography | Spiritual,Photographer,500,4.3,127,Weekdays & Weekends,True,True
103,Demo Host 103,Rajasthan,Jodhpur,English | Hindi,Heritage Expert,Shopping | Food,Heritage Expert,1000,4.4,8,Weekends,True,True
104,Demo Host 104,Delhi,New Delhi,English | Hindi,Shopping Companion,Heritage | Nature,Shopping Companion,400,4.7,37,Weekdays & Weekends,True,True
105,Demo Host 105,Uttar Pradesh,Agra,English | Hindi,Nature Guide,Culture | Adventure,Nature Guide,1000,4.6,34,Weekends,True,True
106,Demo Host 106,Uttar Pradesh,Varanasi,English | Hindi,Guide,Photography | Spiritual,Guide,1000,4.7,175,Weekdays & Weekends,True,True
107,Demo Host 107,Goa,Panaji,English | Hindi,Local Companion,Shopping | Food,Local Companion,500,4.8,53,Weekends,True,True
108,Demo Host 108,Goa,North Goa,English | Kannada,Food Expert,Heritage | Nature,Food Expert,300,4.8,180,Weekdays & Weekends,True,True
109,Demo Host 109,West Bengal,Kolkata,English | Hindi,Photographer,Culture | Adventure,Photographer,800,4.3,37,Weekends,True,True
110,Demo Host 110,Assam,Guwahati,English | Hindi,Heritage Expert,Photography | Spiritual,Heritage Expert,600,4.5,232,Weekdays & Weekends,True,True
111,Demo Host 111,Himachal Pradesh,Manali,English | Bengali,Shopping Companion,Shopping | Food,Shopping Companion,1000,4.6,78,Weekends,True,True
112,Demo Host 112,Himachal Pradesh,Shimla,English | Hindi,Nature Guide,Heritage | Nature,Nature Guide,600,5.0,167,Weekdays & Weekends,True,True
113,Demo Host 113,Uttarakhand,Rishikesh,English | Hindi,Guide,Culture | Adventure,Guide,600,4.9,75,Weekends,True,True
114,Demo Host 114,Uttarakhand,Dehradun,English | Telugu,Local Companion,Photography | Spiritual,Local Companion,500,4.6,11,Weekdays & Weekends,True,True
115,Demo Host 115,Jammu and Kashmir,Srinagar,English | Hindi,Food Expert,Shopping | Food,Food Expert,300,4.3,160,Weekends,True,True
116,Demo Host 116,Ladakh,Leh,English | Hindi,Photographer,Heritage | Nature,Photographer,800,4.5,39,Weekdays & Weekends,True,True
117,Demo Host 117,Odisha,Bhubaneswar,English | Malayalam,Heritage Expert,Culture | Adventure,Heritage Expert,300,4.7,241,Weekends,True,True
118,Demo Host 118,Odisha,Puri,English | Hindi,Shopping Companion,Photography | Spiritual,Shopping Companion,400,4.8,233,Weekdays & Weekends,True,True
119,Demo Host 119,Punjab,Amritsar,English | Hindi,Nature Guide,Shopping | Food,Nature Guide,500,4.8,119,Weekends,True,True
120,Demo Host 120,Gujarat,Ahmedabad,English | English,Guide,Heritage | Nature,Guide,1000,4.3,9,Weekdays & Weekends,True,True
121,Demo Host 121,Telangana,Hyderabad,English | Hindi,Local Companion,Culture | Adventure,Local Companion,400,4.8,208,Weekends,True,True
122,Demo Host 122,Telangana,Warangal,English | Hindi,Food Expert,Photography | Spiritual,Food Expert,500,4.6,61,Weekdays & Weekends,True,True
123,Demo Host 123,Andhra Pradesh,Visakhapatnam,English | Tamil,Photographer,Shopping | Food,Photographer,800,4.9,153,Weekends,True,True
124,Demo Host 124,Andhra Pradesh,Vijayawada,English | Hindi,Heritage Expert,Heritage | Nature,Heritage Expert,800,4.5,152,Weekdays & Weekends,True,True
125,Demo Host 125,Andhra Pradesh,Tirupati,English | Hindi,Shopping Companion,Culture | Adventure,Shopping Companion,300,4.5,96,Weekends,True,True
126,Demo Host 126,Karnataka,Bengaluru,English | Marathi,Nature Guide,Photography | Spiritual,Nature Guide,300,4.9,164,Weekdays & Weekends,True,True
127,Demo Host 127,Karnataka,Mysuru,English | Hindi,Guide,Shopping | Food,Guide,400,4.4,116,Weekends,True,True
128,Demo Host 128,Karnataka,Hampi,English | Hindi,Local Companion,Heritage | Nature,Local Companion,400,4.8,62,Weekdays & Weekends,True,True
129,Demo Host 129,Karnataka,Mangaluru,English | Hindi,Food Expert,Culture | Adventure,Food Expert,1000,4.3,205,Weekends,True,True
130,Demo Host 130,Tamil Nadu,Chennai,English | Hindi,Photographer,Photography | Spiritual,Photographer,1000,4.7,21,Weekdays & Weekends,True,True
131,Demo Host 131,Tamil Nadu,Coimbatore,English | Hindi,Heritage Expert,Shopping | Food,Heritage Expert,500,4.9,40,Weekends,True,True
132,Demo Host 132,Tamil Nadu,Madurai,English | Kannada,Shopping Companion,Heritage | Nature,Shopping Companion,400,4.3,81,Weekdays & Weekends,True,True
133,Demo Host 133,Tamil Nadu,Ooty,English | Hindi,Nature Guide,Culture | Adventure,Nature Guide,1000,4.3,230,Weekends,True,True
134,Demo Host 134,Kerala,Kochi,English | Hindi,Guide,Photography | Spiritual,Guide,300,4.3,74,Weekdays & Weekends,True,True
135,Demo Host 135,Kerala,Munnar,English | Bengali,Local Companion,Shopping | Food,Local Companion,500,4.2,33,Weekends,True,True
136,Demo Host 136,Kerala,Thiruvananthapuram,English | Hindi,Food Expert,Heritage | Nature,Food Expert,800,4.3,18,Weekdays & Weekends,True,True
137,Demo Host 137,Kerala,Alappuzha,English | Hindi,Photographer,Culture | Adventure,Photographer,800,4.7,18,Weekends,True,True
138,Demo Host 138,Maharashtra,Mumbai,English | Telugu,Heritage Expert,Photography | Spiritual,Heritage Expert,600,4.5,171,Weekdays & Weekends,True,True
139,Demo Host 139,Maharashtra,Pune,English | Hindi,Shopping Companion,Shopping | Food,Shopping Companion,800,4.6,82,Weekends,True,True
140,Demo Host 140,Maharashtra,Nashik,English | Hindi,Nature Guide,Heritage | Nature,Nature Guide,800,4.9,219,Weekdays & Weekends,True,True
141,Demo Host 141,Rajasthan,Jaipur,English | Malayalam,Guide,Culture | Adventure,Guide,600,4.3,15,Weekends,True,True
142,Demo Host 142,Rajasthan,Udaipur,English | Hindi,Local Companion,Photography | Spiritual,Local Companion,1000,4.4,63,Weekdays & Weekends,True,True
143,Demo Host 143,Rajasthan,Jodhpur,English | Hindi,Food Expert,Shopping | Food,Food Expert,600,4.5,144,Weekends,True,True
144,Demo Host 144,Delhi,New Delhi,English | English,Photographer,Heritage | Nature,Photographer,400,4.5,17,Weekdays & Weekends,True,True
145,Demo Host 145,Uttar Pradesh,Agra,English | Hindi,Heritage Expert,Culture | Adventure,Heritage Expert,1000,4.3,133,Weekends,True,True
146,Demo Host 146,Uttar Pradesh,Varanasi,English | Hindi,Shopping Companion,Photography | Spiritual,Shopping Companion,300,4.2,209,Weekdays & Weekends,True,True
147,Demo Host 147,Goa,Panaji,English | Tamil,Nature Guide,Shopping | Food,Nature Guide,500,4.3,231,Weekends,True,True
148,Demo Host 148,Goa,North Goa,English | Hindi,Guide,Heritage | Nature,Guide,1000,4.9,211,Weekdays & Weekends,True,True
149,Demo Host 149,West Bengal,Kolkata,English | Hindi,Local Companion,Culture | Adventure,Local Companion,400,4.8,244,Weekends,True,True
150,Demo Host 150,Assam,Guwahati,English | Marathi,Food Expert,Photography | Spiritual,Food Expert,600,4.7,195,Weekdays & Weekends,True,True
151,Demo Host 151,Himachal Pradesh,Manali,English | Hindi,Photographer,Shopping | Food,Photographer,600,4.3,195,Weekends,True,True
152,Demo Host 152,Himachal Pradesh,Shimla,English | Hindi,Heritage Expert,Heritage | Nature,Heritage Expert,800,4.6,136,Weekdays & Weekends,True,True
153,Demo Host 153,Uttarakhand,Rishikesh,English | Hindi,Shopping Companion,Culture | Adventure,Shopping Companion,1000,4.6,215,Weekends,True,True
154,Demo Host 154,Uttarakhand,Dehradun,English | Hindi,Nature Guide,Photography | Spiritual,Nature Guide,800,4.7,99,Weekdays & Weekends,True,True
155,Demo Host 155,Jammu and Kashmir,Srinagar,English | Hindi,Guide,Shopping | Food,Guide,400,4.3,70,Weekends,True,True
156,Demo Host 156,Ladakh,Leh,English | Kannada,Local Companion,Heritage | Nature,Local Companion,500,4.5,122,Weekdays & Weekends,True,True
157,Demo Host 157,Odisha,Bhubaneswar,English | Hindi,Food Expert,Culture | Adventure,Food Expert,600,4.5,61,Weekends,True,True
158,Demo Host 158,Odisha,Puri,English | Hindi,Photographer,Photography | Spiritual,Photographer,600,4.5,94,Weekdays & Weekends,True,True
159,Demo Host 159,Punjab,Amritsar,English | Bengali,Heritage Expert,Shopping | Food,Heritage Expert,500,4.7,97,Weekends,True,True
160,Demo Host 160,Gujarat,Ahmedabad,English | Hindi,Shopping Companion,Heritage | Nature,Shopping Companion,400,5.0,77,Weekdays & Weekends,True,True
161,Demo Host 161,Telangana,Hyderabad,English | Hindi,Nature Guide,Culture | Adventure,Nature Guide,800,4.6,229,Weekends,True,True
162,Demo Host 162,Telangana,Warangal,English | Telugu,Guide,Photography | Spiritual,Guide,800,4.6,85,Weekdays & Weekends,True,True
163,Demo Host 163,Andhra Pradesh,Visakhapatnam,English | Hindi,Local Companion,Shopping | Food,Local Companion,1000,4.7,212,Weekends,True,True
164,Demo Host 164,Andhra Pradesh,Vijayawada,English | Hindi,Food Expert,Heritage | Nature,Food Expert,400,4.6,202,Weekdays & Weekends,True,True
165,Demo Host 165,Andhra Pradesh,Tirupati,English | Malayalam,Photographer,Culture | Adventure,Photographer,800,4.4,160,Weekends,True,True
166,Demo Host 166,Karnataka,Bengaluru,English | Hindi,Heritage Expert,Photography | Spiritual,Heritage Expert,400,4.4,185,Weekdays & Weekends,True,True
167,Demo Host 167,Karnataka,Mysuru,English | Hindi,Shopping Companion,Shopping | Food,Shopping Companion,600,4.9,175,Weekends,True,True
168,Demo Host 168,Karnataka,Hampi,English | English,Nature Guide,Heritage | Nature,Nature Guide,1000,4.7,37,Weekdays & Weekends,True,True
169,Demo Host 169,Karnataka,Mangaluru,English | Hindi,Guide,Culture | Adventure,Guide,600,4.8,28,Weekends,True,True
170,Demo Host 170,Tamil Nadu,Chennai,English | Hindi,Local Companion,Photography | Spiritual,Local Companion,600,4.9,25,Weekdays & Weekends,True,True
171,Demo Host 171,Tamil Nadu,Coimbatore,English | Tamil,Food Expert,Shopping | Food,Food Expert,800,5.0,38,Weekends,True,True
172,Demo Host 172,Tamil Nadu,Madurai,English | Hindi,Photographer,Heritage | Nature,Photographer,400,4.7,201,Weekdays & Weekends,True,True
173,Demo Host 173,Tamil Nadu,Ooty,English | Hindi,Heritage Expert,Culture | Adventure,Heritage Expert,500,4.8,196,Weekends,True,True
174,Demo Host 174,Kerala,Kochi,English | Marathi,Shopping Companion,Photography | Spiritual,Shopping Companion,1000,4.4,236,Weekdays & Weekends,True,True
175,Demo Host 175,Kerala,Munnar,English | Hindi,Nature Guide,Shopping | Food,Nature Guide,800,4.3,149,Weekends,True,True
176,Demo Host 176,Kerala,Thiruvananthapuram,English | Hindi,Guide,Heritage | Nature,Guide,600,4.3,155,Weekdays & Weekends,True,True
177,Demo Host 177,Kerala,Alappuzha,English | Hindi,Local Companion,Culture | Adventure,Local Companion,300,4.7,143,Weekends,True,True
178,Demo Host 178,Maharashtra,Mumbai,English | Hindi,Food Expert,Photography | Spiritual,Food Expert,500,4.6,119,Weekdays & Weekends,True,True
179,Demo Host 179,Maharashtra,Pune,English | Hindi,Photographer,Shopping | Food,Photographer,800,4.8,192,Weekends,True,True
180,Demo Host 180,Maharashtra,Nashik,English | Kannada,Heritage Expert,Heritage | Nature,Heritage Expert,600,4.7,125,Weekdays & Weekends,True,True
181,Demo Host 181,Rajasthan,Jaipur,English | Hindi,Shopping Companion,Culture | Adventure,Shopping Companion,300,4.3,233,Weekends,True,True
182,Demo Host 182,Rajasthan,Udaipur,English | Hindi,Nature Guide,Photography | Spiritual,Nature Guide,800,4.3,33,Weekdays & Weekends,True,True
183,Demo Host 183,Rajasthan,Jodhpur,English | Bengali,Guide,Shopping | Food,Guide,500,4.5,166,Weekends,True,True
184,Demo Host 184,Delhi,New Delhi,English | Hindi,Local Companion,Heritage | Nature,Local Companion,1000,4.7,194,Weekdays & Weekends,True,True
185,Demo Host 185,Uttar Pradesh,Agra,English | Hindi,Food Expert,Culture | Adventure,Food Expert,800,4.9,86,Weekends,True,True
186,Demo Host 186,Uttar Pradesh,Varanasi,English | Telugu,Photographer,Photography | Spiritual,Photographer,800,4.4,191,Weekdays & Weekends,True,True
187,Demo Host 187,Goa,Panaji,English | Hindi,Heritage Expert,Shopping | Food,Heritage Expert,800,4.5,94,Weekends,True,True
188,Demo Host 188,Goa,North Goa,English | Hindi,Shopping Companion,Heritage | Nature,Shopping Companion,400,4.3,43,Weekdays & Weekends,True,True
189,Demo Host 189,West Bengal,Kolkata,English | Malayalam,Nature Guide,Culture | Adventure,Nature Guide,300,4.6,234,Weekends,True,True
190,Demo Host 190,Assam,Guwahati,English | Hindi,Guide,Photography | Spiritual,Guide,800,4.8,98,Weekdays & Weekends,True,True
191,Demo Host 191,Himachal Pradesh,Manali,English | Hindi,Local Companion,Shopping | Food,Local Companion,400,4.9,140,Weekends,True,True
192,Demo Host 192,Himachal Pradesh,Shimla,English | English,Food Expert,Heritage | Nature,Food Expert,500,4.6,196,Weekdays & Weekends,True,True
193,Demo Host 193,Uttarakhand,Rishikesh,English | Hindi,Photographer,Culture | Adventure,Photographer,300,5.0,97,Weekends,True,True
194,Demo Host 194,Uttarakhand,Dehradun,English | Hindi,Heritage Expert,Photography | Spiritual,Heritage Expert,300,5.0,180,Weekdays & Weekends,True,True
195,Demo Host 195,Jammu and Kashmir,Srinagar,English | Tamil,Shopping Companion,Shopping | Food,Shopping Companion,500,4.9,34,Weekends,True,True
196,Demo Host 196,Ladakh,Leh,English | Hindi,Nature Guide,Heritage | Nature,Nature Guide,1000,4.3,161,Weekdays & Weekends,True,True
197,Demo Host 197,Odisha,Bhubaneswar,English | Hindi,Guide,Culture | Adventure,Guide,500,4.7,149,Weekends,True,True
198,Demo Host 198,Odisha,Puri,English | Marathi,Local Companion,Photography | Spiritual,Local Companion,600,4.6,8,Weekdays & Weekends,True,True
199,Demo Host 199,Punjab,Amritsar,English | Hindi,Food Expert,Shopping | Food,Food Expert,800,4.4,207,Weekends,True,True
200,Demo Host 200,Gujarat,Ahmedabad,English | Hindi,Photographer,Heritage | Nature,Photographer,1000,4.6,117,Weekdays & Weekends,True,True
201,Demo Host 201,Telangana,Hyderabad,English | Hindi,Heritage Expert,Culture | Adventure,Heritage Expert,300,4.9,78,Weekends,True,True
202,Demo Host 202,Telangana,Warangal,English | Hindi,Shopping Companion,Photography | Spiritual,Shopping Companion,800,4.3,196,Weekdays & Weekends,True,True
203,Demo Host 203,Andhra Pradesh,Visakhapatnam,English | Hindi,Nature Guide,Shopping | Food,Nature Guide,500,4.9,249,Weekends,True,True
204,Demo Host 204,Andhra Pradesh,Vijayawada,English | Kannada,Guide,Heritage | Nature,Guide,800,4.9,74,Weekdays & Weekends,True,True
205,Demo Host 205,Andhra Pradesh,Tirupati,English | Hindi,Local Companion,Culture | Adventure,Local Companion,300,5.0,31,Weekends,True,True
206,Demo Host 206,Karnataka,Bengaluru,English | Hindi,Food Expert,Photography | Spiritual,Food Expert,300,4.7,168,Weekdays & Weekends,True,True
207,Demo Host 207,Karnataka,Mysuru,English | Bengali,Photographer,Shopping | Food,Photographer,600,4.9,27,Weekends,True,True
208,Demo Host 208,Karnataka,Hampi,English | Hindi,Heritage Expert,Heritage | Nature,Heritage Expert,1000,4.4,12,Weekdays & Weekends,True,True
209,Demo Host 209,Karnataka,Mangaluru,English | Hindi,Shopping Companion,Culture | Adventure,Shopping Companion,500,4.8,40,Weekends,True,True
210,Demo Host 210,Tamil Nadu,Chennai,English | Telugu,Nature Guide,Photography | Spiritual,Nature Guide,800,4.9,53,Weekdays & Weekends,True,True
211,Demo Host 211,Tamil Nadu,Coimbatore,English | Hindi,Guide,Shopping | Food,Guide,400,4.2,165,Weekends,True,True
212,Demo Host 212,Tamil Nadu,Madurai,English | Hindi,Local Companion,Heritage | Nature,Local Companion,300,4.2,6,Weekdays & Weekends,True,True
213,Demo Host 213,Tamil Nadu,Ooty,English | Malayalam,Food Expert,Culture | Adventure,Food Expert,800,4.8,153,Weekends,True,True
214,Demo Host 214,Kerala,Kochi,English | Hindi,Photographer,Photography | Spiritual,Photographer,1000,4.9,63,Weekdays & Weekends,True,True
215,Demo Host 215,Kerala,Munnar,English | Hindi,Heritage Expert,Shopping | Food,Heritage Expert,400,4.8,19,Weekends,True,True
216,Demo Host 216,Kerala,Thiruvananthapuram,English | English,Shopping Companion,Heritage | Nature,Shopping Companion,1000,4.8,232,Weekdays & Weekends,True,True
217,Demo Host 217,Kerala,Alappuzha,English | Hindi,Nature Guide,Culture | Adventure,Nature Guide,1000,4.9,176,Weekends,True,True
218,Demo Host 218,Maharashtra,Mumbai,English | Hindi,Guide,Photography | Spiritual,Guide,500,4.4,14,Weekdays & Weekends,True,True
219,Demo Host 219,Maharashtra,Pune,English | Tamil,Local Companion,Shopping | Food,Local Companion,300,4.6,35,Weekends,True,True
220,Demo Host 220,Maharashtra,Nashik,English | Hindi,Food Expert,Heritage | Nature,Food Expert,600,4.7,187,Weekdays & Weekends,True,True
221,Demo Host 221,Rajasthan,Jaipur,English | Hindi,Photographer,Culture | Adventure,Photographer,300,4.3,213,Weekends,True,True
222,Demo Host 222,Rajasthan,Udaipur,English | Marathi,Heritage Expert,Photography | Spiritual,Heritage Expert,800,4.4,184,Weekdays & Weekends,True,True
223,Demo Host 223,Rajasthan,Jodhpur,English | Hindi,Shopping Companion,Shopping | Food,Shopping Companion,300,4.8,71,Weekends,True,True
224,Demo Host 224,Delhi,New Delhi,English | Hindi,Nature Guide,Heritage | Nature,Nature Guide,600,4.7,245,Weekdays & Weekends,True,True
225,Demo Host 225,Uttar Pradesh,Agra,English | Hindi,Guide,Culture | Adventure,Guide,600,4.7,18,Weekends,True,True
226,Demo Host 226,Uttar Pradesh,Varanasi,English | Hindi,Local Companion,Photography | Spiritual,Local Companion,300,4.9,15,Weekdays & Weekends,True,True
227,Demo Host 227,Goa,Panaji,English | Hindi,Food Expert,Shopping | Food,Food Expert,500,4.3,178,Weekends,True,True
228,Demo Host 228,Goa,North Goa,English | Kannada,Photographer,Heritage | Nature,Photographer,500,4.3,27,Weekdays & Weekends,True,True
229,Demo Host 229,West Bengal,Kolkata,English | Hindi,Heritage Expert,Culture | Adventure,Heritage Expert,500,4.6,245,Weekends,True,True
230,Demo Host 230,Assam,Guwahati,English | Hindi,Shopping Companion,Photography | Spiritual,Shopping Companion,600,4.7,197,Weekdays & Weekends,True,True
231,Demo Host 231,Himachal Pradesh,Manali,English | Bengali,Nature Guide,Shopping | Food,Nature Guide,1000,4.3,145,Weekends,True,True
232,Demo Host 232,Himachal Pradesh,Shimla,English | Hindi,Guide,Heritage | Nature,Guide,400,4.4,236,Weekdays & Weekends,True,True
233,Demo Host 233,Uttarakhand,Rishikesh,English | Hindi,Local Companion,Culture | Adventure,Local Companion,500,4.8,146,Weekends,True,True
234,Demo Host 234,Uttarakhand,Dehradun,English | Telugu,Food Expert,Photography | Spiritual,Food Expert,400,5.0,164,Weekdays & Weekends,True,True
235,Demo Host 235,Jammu and Kashmir,Srinagar,English | Hindi,Photographer,Shopping | Food,Photographer,300,4.6,41,Weekends,True,True
236,Demo Host 236,Ladakh,Leh,English | Hindi,Heritage Expert,Heritage | Nature,Heritage Expert,800,4.6,103,Weekdays & Weekends,True,True
237,Demo Host 237,Odisha,Bhubaneswar,English | Malayalam,Shopping Companion,Culture | Adventure,Shopping Companion,300,4.3,34,Weekends,True,True
238,Demo Host 238,Odisha,Puri,English | Hindi,Nature Guide,Photography | Spiritual,Nature Guide,1000,4.4,73,Weekdays & Weekends,True,True
239,Demo Host 239,Punjab,Amritsar,English | Hindi,Guide,Shopping | Food,Guide,600,4.7,109,Weekends,True,True
240,Demo Host 240,Gujarat,Ahmedabad,English | English,Local Companion,Heritage | Nature,Local Companion,500,4.5,160,Weekdays & Weekends,True,True
241,Demo Host 241,Telangana,Hyderabad,English | Hindi,Food Expert,Culture | Adventure,Food Expert,300,4.4,105,Weekends,True,True
242,Demo Host 242,Telangana,Warangal,English | Hindi,Photographer,Photography | Spiritual,Photographer,1000,4.5,149,Weekdays & Weekends,True,True
243,Demo Host 243,Andhra Pradesh,Visakhapatnam,English | Tamil,Heritage Expert,Shopping | Food,Heritage Expert,1000,4.5,13,Weekends,True,True
244,Demo Host 244,Andhra Pradesh,Vijayawada,English | Hindi,Shopping Companion,Heritage | Nature,Shopping Companion,500,4.4,121,Weekdays & Weekends,True,True
245,Demo Host 245,Andhra Pradesh,Tirupati,English | Hindi,Nature Guide,Culture | Adventure,Nature Guide,300,4.7,145,Weekends,True,True
246,Demo Host 246,Karnataka,Bengaluru,English | Marathi,Guide,Photography | Spiritual,Guide,600,4.7,176,Weekdays & Weekends,True,True
247,Demo Host 247,Karnataka,Mysuru,English | Hindi,Local Companion,Shopping | Food,Local Companion,600,4.5,164,Weekends,True,True
248,Demo Host 248,Karnataka,Hampi,English | Hindi,Food Expert,Heritage | Nature,Food Expert,400,4.6,197,Weekdays & Weekends,True,True
249,Demo Host 249,Karnataka,Mangaluru,English | Hindi,Photographer,Culture | Adventure,Photographer,400,4.7,110,Weekends,True,True
250,Demo Host 250,Tamil Nadu,Chennai,English | Hindi,Heritage Expert,Photography | Spiritual,Heritage Expert,600,4.6,93,Weekdays & Weekends,True,True
251,Demo Host 251,Tamil Nadu,Coimbatore,English | Hindi,Shopping Companion,Shopping | Food,Shopping Companion,800,4.9,185,Weekends,True,True
252,Demo Host 252,Tamil Nadu,Madurai,English | Kannada,Nature Guide,Heritage | Nature,Nature Guide,300,4.6,230,Weekdays & Weekends,True,True
253,Demo Host 253,Tamil Nadu,Ooty,English | Hindi,Guide,Culture | Adventure,Guide,800,4.8,132,Weekends,True,True
254,Demo Host 254,Kerala,Kochi,English | Hindi,Local Companion,Photography | Spiritual,Local Companion,400,4.9,82,Weekdays & Weekends,True,True
255,Demo Host 255,Kerala,Munnar,English | Bengali,Food Expert,Shopping | Food,Food Expert,500,4.3,126,Weekends,True,True
256,Demo Host 256,Kerala,Thiruvananthapuram,English | Hindi,Photographer,Heritage | Nature,Photographer,300,4.9,22,Weekdays & Weekends,True,True
257,Demo Host 257,Kerala,Alappuzha,English | Hindi,Heritage Expert,Culture | Adventure,Heritage Expert,800,4.4,18,Weekends,True,True
258,Demo Host 258,Maharashtra,Mumbai,English | Telugu,Shopping Companion,Photography | Spiritual,Shopping Companion,600,4.3,86,Weekdays & Weekends,True,True
259,Demo Host 259,Maharashtra,Pune,English | Hindi,Nature Guide,Shopping | Food,Nature Guide,800,4.8,81,Weekends,True,True
260,Demo Host 260,Maharashtra,Nashik,English | Hindi,Guide,Heritage | Nature,Guide,1000,4.9,8,Weekdays & Weekends,True,True
261,Demo Host 261,Rajasthan,Jaipur,English | Malayalam,Local Companion,Culture | Adventure,Local Companion,800,4.5,214,Weekends,True,True
262,Demo Host 262,Rajasthan,Udaipur,English | Hindi,Food Expert,Photography | Spiritual,Food Expert,800,4.7,42,Weekdays & Weekends,True,True
263,Demo Host 263,Rajasthan,Jodhpur,English | Hindi,Photographer,Shopping | Food,Photographer,800,4.5,34,Weekends,True,True
264,Demo Host 264,Delhi,New Delhi,English | English,Heritage Expert,Heritage | Nature,Heritage Expert,600,5.0,239,Weekdays & Weekends,True,True
265,Demo Host 265,Uttar Pradesh,Agra,English | Hindi,Shopping Companion,Culture | Adventure,Shopping Companion,500,4.4,194,Weekends,True,True
266,Demo Host 266,Uttar Pradesh,Varanasi,English | Hindi,Nature Guide,Photography | Spiritual,Nature Guide,800,4.8,173,Weekdays & Weekends,True,True
267,Demo Host 267,Goa,Panaji,English | Tamil,Guide,Shopping | Food,Guide,800,4.7,100,Weekends,True,True
268,Demo Host 268,Goa,North Goa,English | Hindi,Local Companion,Heritage | Nature,Local Companion,500,4.4,7,Weekdays & Weekends,True,True
269,Demo Host 269,West Bengal,Kolkata,English | Hindi,Food Expert,Culture | Adventure,Food Expert,800,4.3,133,Weekends,True,True
270,Demo Host 270,Assam,Guwahati,English | Marathi,Photographer,Photography | Spiritual,Photographer,800,4.9,45,Weekdays & Weekends,True,True
271,Demo Host 271,Himachal Pradesh,Manali,English | Hindi,Heritage Expert,Shopping | Food,Heritage Expert,1000,4.6,247,Weekends,True,True
272,Demo Host 272,Himachal Pradesh,Shimla,English | Hindi,Shopping Companion,Heritage | Nature,Shopping Companion,400,5.0,210,Weekdays & Weekends,True,True
273,Demo Host 273,Uttarakhand,Rishikesh,English | Hindi,Nature Guide,Culture | Adventure,Nature Guide,600,4.6,39,Weekends,True,True
274,Demo Host 274,Uttarakhand,Dehradun,English | Hindi,Guide,Photography | Spiritual,Guide,1000,4.3,101,Weekdays & Weekends,True,True
275,Demo Host 275,Jammu and Kashmir,Srinagar,English | Hindi,Local Companion,Shopping | Food,Local Companion,1000,4.5,190,Weekends,True,True
276,Demo Host 276,Ladakh,Leh,English | Kannada,Food Expert,Heritage | Nature,Food Expert,500,4.3,119,Weekdays & Weekends,True,True
277,Demo Host 277,Odisha,Bhubaneswar,English | Hindi,Photographer,Culture | Adventure,Photographer,400,4.9,49,Weekends,True,True
278,Demo Host 278,Odisha,Puri,English | Hindi,Heritage Expert,Photography | Spiritual,Heritage Expert,1000,4.4,15,Weekdays & Weekends,True,True
279,Demo Host 279,Punjab,Amritsar,English | Bengali,Shopping Companion,Shopping | Food,Shopping Companion,400,4.6,76,Weekends,True,True
280,Demo Host 280,Gujarat,Ahmedabad,English | Hindi,Nature Guide,Heritage | Nature,Nature Guide,1000,4.6,148,Weekdays & Weekends,True,True
281,Demo Host 281,Telangana,Hyderabad,English | Hindi,Guide,Culture | Adventure,Guide,300,4.4,25,Weekends,True,True
282,Demo Host 282,Telangana,Warangal,English | Telugu,Local Companion,Photography | Spiritual,Local Companion,1000,4.7,211,Weekdays & Weekends,True,True
283,Demo Host 283,Andhra Pradesh,Visakhapatnam,English | Hindi,Food Expert,Shopping | Food,Food Expert,600,4.7,164,Weekends,True,True
284,Demo Host 284,Andhra Pradesh,Vijayawada,English | Hindi,Photographer,Heritage | Nature,Photographer,800,4.2,191,Weekdays & Weekends,True,True
285,Demo Host 285,Andhra Pradesh,Tirupati,English | Malayalam,Heritage Expert,Culture | Adventure,Heritage Expert,800,4.6,94,Weekends,True,True
286,Demo Host 286,Karnataka,Bengaluru,English | Hindi,Shopping Companion,Photography | Spiritual,Shopping Companion,1000,4.9,87,Weekdays & Weekends,True,True
287,Demo Host 287,Karnataka,Mysuru,English | Hindi,Nature Guide,Shopping | Food,Nature Guide,400,4.8,123,Weekends,True,True
288,Demo Host 288,Karnataka,Hampi,English | English,Guide,Heritage | Nature,Guide,800,4.6,213,Weekdays & Weekends,True,True
289,Demo Host 289,Karnataka,Mangaluru,English | Hindi,Local Companion,Culture | Adventure,Local Companion,500,4.7,227,Weekends,True,True
290,Demo Host 290,Tamil Nadu,Chennai,English | Hindi,Food Expert,Photography | Spiritual,Food Expert,300,4.5,213,Weekdays & Weekends,True,True
291,Demo Host 291,Tamil Nadu,Coimbatore,English | Tamil,Photographer,Shopping | Food,Photographer,600,4.6,127,Weekends,True,True
292,Demo Host 292,Tamil Nadu,Madurai,English | Hindi,Heritage Expert,Heritage | Nature,Heritage Expert,600,4.5,30,Weekdays & Weekends,True,True
293,Demo Host 293,Tamil Nadu,Ooty,English | Hindi,Shopping Companion,Culture | Adventure,Shopping Companion,1000,4.7,229,Weekends,True,True
294,Demo Host 294,Kerala,Kochi,English | Marathi,Nature Guide,Photography | Spiritual,Nature Guide,500,4.5,48,Weekdays & Weekends,True,True
295,Demo Host 295,Kerala,Munnar,English | Hindi,Guide,Shopping | Food,Guide,400,4.2,51,Weekends,True,True
296,Demo Host 296,Kerala,Thiruvananthapuram,English | Hindi,Local Companion,Heritage | Nature,Local Companion,600,4.6,232,Weekdays & Weekends,True,True
297,Demo Host 297,Kerala,Alappuzha,English | Hindi,Food Expert,Culture | Adventure,Food Expert,500,4.7,80,Weekends,True,True
298,Demo Host 298,Maharashtra,Mumbai,English | Hindi,Photographer,Photography | Spiritual,Photographer,600,4.4,6,Weekdays & Weekends,True,True
299,Demo Host 299,Maharashtra,Pune,English | Hindi,Heritage Expert,Shopping | Food,Heritage Expert,400,4.7,177,Weekends,True,True
300,Demo Host 300,Maharashtra,Nashik,English | Kannada,Shopping Companion,Heritage | Nature,Shopping Companion,800,4.7,245,Weekdays & Weekends,True,True
